"WarrenMICity","8c496763-121a-4a36-ab73-0c4237a8ba5c","E:\elance\CityCouncilMeetingProject\CityCouncilMeetingProject\bin\Debug\WarrenMICity\3.14.17_CCAgenda.pdf","Council","http://www.cityofwarren.org/images/stories/city-council/agenda/3.14.17_CCAgenda.pdf","True",
"WarrenMICity","d097bb24-9196-4779-b01d-9f696e9173fe","E:\elance\CityCouncilMeetingProject\CityCouncilMeetingProject\bin\Debug\WarrenMICity\2.28.17_CouncilAgenda_Updated.pdf","Council","http://www.cityofwarren.org/images/stories/city-council/agenda/2.28.17_CouncilAgenda_Updated.pdf","False",
"WarrenMICity","86c64be4-195e-4557-b166-0f6c959d8d49","E:\elance\CityCouncilMeetingProject\CityCouncilMeetingProject\bin\Debug\WarrenMICity\2.14.2017_CouncilAgenda.pdf","Council","http://www.cityofwarren.org/images/stories/city-council/agenda/2.14.2017_CouncilAgenda.pdf","True",
"WarrenMICity","65d3793f-33ab-4d37-9805-a37bbb395663","E:\elance\CityCouncilMeetingProject\CityCouncilMeetingProject\bin\Debug\WarrenMICity\2.14.17_ApprovedCouncilMinutes.pdf","Council","http://www.cityofwarren.org/images/stories/city-council/Minutes/2.14.17_ApprovedCouncilMinutes.pdf","False",
"WarrenMICity","81c55e9b-8472-4ffa-8865-d6efc78a0a2d","E:\elance\CityCouncilMeetingProject\CityCouncilMeetingProject\bin\Debug\WarrenMICity\1.24.2017_CCAgenda.pdf","Council","http://www.cityofwarren.org/images/stories/city-council/agenda/1.24.2017_CCAgenda.pdf","False",
"WarrenMICity","b194f70c-04b4-4677-b37b-1cca1be6fd12","E:\elance\CityCouncilMeetingProject\CityCouncilMeetingProject\bin\Debug\WarrenMICity\01.24.17_minutes_APPROVED.pdf","Council","http://www.cityofwarren.org/images/stories/city-council/Minutes/01.24.17_minutes_APPROVED.pdf","False",
"WarrenMICity","48e80784-f040-4276-9ba7-5297ec69d3d5","E:\elance\CityCouncilMeetingProject\CityCouncilMeetingProject\bin\Debug\WarrenMICity\1.10.17_Agenda_Revised.pdf","Council","http://www.cityofwarren.org/images/stories/city-council/agenda/1.10.17_Agenda_Revised.pdf","False",
"WarrenMICity","2b0cd828-0b56-4d1c-a2f7-b3fff350f42d","E:\elance\CityCouncilMeetingProject\CityCouncilMeetingProject\bin\Debug\WarrenMICity\01.10.17_minutes_APPROVED.pdf","Council","http://www.cityofwarren.org/images/stories/city-council/Minutes/01.10.17_minutes_APPROVED.pdf","False",
"WarrenMICity","d8889e85-b5b5-4df1-8b89-ea28edc52457","E:\elance\CityCouncilMeetingProject\CityCouncilMeetingProject\bin\Debug\WarrenMICity\12.20.2016_CCAgenda.pdf","Council","http://www.cityofwarren.org/images/stories/city-council/agenda/12.20.2016_CCAgenda.pdf","True",
"WarrenMICity","9c32fddd-92f5-4092-adf6-9ff32170bfe0","E:\elance\CityCouncilMeetingProject\CityCouncilMeetingProject\bin\Debug\WarrenMICity\12.20.16_minutes_APPROVED.pdf","Council","http://www.cityofwarren.org/images/stories/city-council/Minutes/12.20.16_minutes_APPROVED.pdf","False",
"WarrenMICity","ba1e42c4-7965-4c20-b0ae-f7cec90bda7a","E:\elance\CityCouncilMeetingProject\CityCouncilMeetingProject\bin\Debug\WarrenMICity\12.13.16_CCAgenda.pdf","Council","http://www.cityofwarren.org/images/stories/city-council/agenda/12.13.16_CCAgenda.pdf","True",
"WarrenMICity","3abc62fe-6dd0-4cf1-8180-ba317237bed9","E:\elance\CityCouncilMeetingProject\CityCouncilMeetingProject\bin\Debug\WarrenMICity\12.13.16_Approved_council_minutes.pdf","Council","http://www.cityofwarren.org/images/stories/city-council/Minutes/12.13.16_Approved_council_minutes.pdf","False",
"WarrenMICity","563ef4d8-1d1f-4660-a0bb-bd93eea7538c","E:\elance\CityCouncilMeetingProject\CityCouncilMeetingProject\bin\Debug\WarrenMICity\11.22.16_Agenda.pdf","Council","http://www.cityofwarren.org/images/stories/city-council/agenda/11.22.16_Agenda.pdf","True",
"WarrenMICity","382f6d9e-eb8b-4b2a-93de-37fbfee8f891","E:\elance\CityCouncilMeetingProject\CityCouncilMeetingProject\bin\Debug\WarrenMICity\11.22.16Approved_council_minutes.pdf","Council","http://www.cityofwarren.org/images/stories/city-council/Minutes/11.22.16Approved_council_minutes.pdf","False",
"WarrenMICity","dd9ebb6b-cdb8-496a-a726-1150e3df5f1a","E:\elance\CityCouncilMeetingProject\CityCouncilMeetingProject\bin\Debug\WarrenMICity\11.9.16_Agenda.pdf","Council","http://www.cityofwarren.org/images/stories/city-council/agenda/11.9.16_Agenda.pdf","True",
"WarrenMICity","fe7a1508-3a09-416d-97b0-d8b8dc9c19bc","E:\elance\CityCouncilMeetingProject\CityCouncilMeetingProject\bin\Debug\WarrenMICity\11.9.2016_ApprovedCouncilMinutes.pdf","Council","http://www.cityofwarren.org/images/stories/city-council/Minutes/11.9.2016_ApprovedCouncilMinutes.pdf","False",
"WarrenMICity","fd81919a-1ce4-4567-8e43-d5735f6cb1b1","E:\elance\CityCouncilMeetingProject\CityCouncilMeetingProject\bin\Debug\WarrenMICity\Agenda%2010.25.16.pdf","Council","http://www.cityofwarren.org/images/stories/city-council/agenda/Agenda%2010.25.16.pdf","True",
"WarrenMICity","ceb2825c-c2c4-4f1c-9216-d3df4daf2854","E:\elance\CityCouncilMeetingProject\CityCouncilMeetingProject\bin\Debug\WarrenMICity\10.25.16_Approved_council_minutes.pdf","Council","http://www.cityofwarren.org/images/stories/city-council/Minutes/10.25.16_Approved_council_minutes.pdf","False",
"WarrenMICity","70b9015b-35dd-4829-b4ed-db16ba361565","E:\elance\CityCouncilMeetingProject\CityCouncilMeetingProject\bin\Debug\WarrenMICity\10.11.2016_CouncilAgenda.pdf","Council","http://www.cityofwarren.org/images/stories/city-council/agenda/10.11.2016_CouncilAgenda.pdf","True",
"WarrenMICity","27b3eb6f-0f3a-4894-8887-871917731f31","E:\elance\CityCouncilMeetingProject\CityCouncilMeetingProject\bin\Debug\WarrenMICity\10.11.16_minutes_APPROVED.pdf","Council","http://www.cityofwarren.org/images/stories/city-council/Minutes/10.11.16_minutes_APPROVED.pdf","False",
"WarrenMICity","8e3ca598-858c-40da-baac-ac9ceb8825d4","E:\elance\CityCouncilMeetingProject\CityCouncilMeetingProject\bin\Debug\WarrenMICity\9.27.2016_CC_Agenda.pdf","Council","http://www.cityofwarren.org/images/stories/city-council/agenda/9.27.2016_CC_Agenda.pdf","False",
"WarrenMICity","b9449c41-7801-44e3-8dcb-64a289175b2c","E:\elance\CityCouncilMeetingProject\CityCouncilMeetingProject\bin\Debug\WarrenMICity\10.25.16_Approved_council_minutes.pdf","Council","http://www.cityofwarren.org/images/stories/city-council/Minutes/10.25.16_Approved_council_minutes.pdf","False",
"WarrenMICity","3040eb1e-d163-4966-a946-aa4cef121f99","E:\elance\CityCouncilMeetingProject\CityCouncilMeetingProject\bin\Debug\WarrenMICity\9.13.2016_Agenda.pdf","Council","http://www.cityofwarren.org/images/stories/city-council/agenda/9.13.2016_Agenda.pdf","True",
"WarrenMICity","d295016d-00e0-42cf-a2f1-30d28faef001","E:\elance\CityCouncilMeetingProject\CityCouncilMeetingProject\bin\Debug\WarrenMICity\9.13.16_CC_Minutes.pdf","Council","http://www.cityofwarren.org/images/stories/city-council/Minutes/9.13.16_CC_Minutes.pdf","True",
"WarrenMICity","2b706541-b83c-475d-b500-e14f708e9972","E:\elance\CityCouncilMeetingProject\CityCouncilMeetingProject\bin\Debug\WarrenMICity\8.23.2016_CC_Agenda.pdf","Council","http://www.cityofwarren.org/images/stories/city-council/agenda/8.23.2016_CC_Agenda.pdf","True",
"WarrenMICity","29171087-5410-49df-b0f6-0524fdf6dfee","E:\elance\CityCouncilMeetingProject\CityCouncilMeetingProject\bin\Debug\WarrenMICity\8.23.16_CC_Minutes.pdf","Council","http://www.cityofwarren.org/images/stories/city-council/Minutes/8.23.16_CC_Minutes.pdf","True",
"WarrenMICity","bc287ba0-4e9b-44b8-9f80-f371a3db9d92","E:\elance\CityCouncilMeetingProject\CityCouncilMeetingProject\bin\Debug\WarrenMICity\8.9.2016_CC_Agenda.pdf","Council","http://www.cityofwarren.org/images/stories/city-council/agenda/8.9.2016_CC_Agenda.pdf","False",
"WarrenMICity","61fe1306-07bf-47c8-90e2-04034b537550","E:\elance\CityCouncilMeetingProject\CityCouncilMeetingProject\bin\Debug\WarrenMICity\8.9.16_CC_Minutes.pdf","Council","http://www.cityofwarren.org/images/stories/city-council/Minutes/8.9.16_CC_Minutes.pdf","True",
"WarrenMICity","bc3759f5-ffae-4ff9-b072-6d05b8706a78","E:\elance\CityCouncilMeetingProject\CityCouncilMeetingProject\bin\Debug\WarrenMICity\7.26.2016_CouncilAgenda.pdf","Council","http://www.cityofwarren.org/images/stories/city-council/agenda/7.26.2016_CouncilAgenda.pdf","False",
"WarrenMICity","02516509-37ff-45d4-aacf-87036c4c4f03","E:\elance\CityCouncilMeetingProject\CityCouncilMeetingProject\bin\Debug\WarrenMICity\7.26.16_CC_Minutes.pdf","Council","http://www.cityofwarren.org/images/stories/city-council/Minutes/7.26.16_CC_Minutes.pdf","True",
"WarrenMICity","1e87ac4f-ccb6-4d1c-b296-d67ea4ef7fd5","E:\elance\CityCouncilMeetingProject\CityCouncilMeetingProject\bin\Debug\WarrenMICity\7.12.2016_CouncilAgenda.pdf","Council","http://www.cityofwarren.org/images/stories/city-council/agenda/7.12.2016_CouncilAgenda.pdf","False",
"WarrenMICity","90bc0d40-910a-46a6-bd3e-514779692ff2","E:\elance\CityCouncilMeetingProject\CityCouncilMeetingProject\bin\Debug\WarrenMICity\7.12.2016_CC_minutes.pdf","Council","http://www.cityofwarren.org/images/stories/city-council/Minutes/7.12.2016_CC_minutes.pdf","False",
"WarrenMICity","8f40fe1b-6daa-4671-babb-b1ee0ba2c03e","E:\elance\CityCouncilMeetingProject\CityCouncilMeetingProject\bin\Debug\WarrenMICity\6.28.2016_CouncilAgenda.pdf","Council","http://www.cityofwarren.org/images/stories/city-council/agenda/6.28.2016_CouncilAgenda.pdf","True",
"WarrenMICity","114f4218-1aab-429a-9576-6a1ccdf0add1","E:\elance\CityCouncilMeetingProject\CityCouncilMeetingProject\bin\Debug\WarrenMICity\6.28.2016_CC_minutes.pdf","Council","http://www.cityofwarren.org/images/stories/city-council/Minutes/6.28.2016_CC_minutes.pdf","False",
"WarrenMICity","96f0d3f7-a331-44bb-b6ee-a1e4b03fd60a","E:\elance\CityCouncilMeetingProject\CityCouncilMeetingProject\bin\Debug\WarrenMICity\6.14.16_CC_Agenda.pdf","Council","http://www.cityofwarren.org/images/stories/city-council/agenda/6.14.16_CC_Agenda.pdf","True",
"WarrenMICity","91e24a90-85f3-47ef-a9b5-652d47db5529","E:\elance\CityCouncilMeetingProject\CityCouncilMeetingProject\bin\Debug\WarrenMICity\6.14.2016_CC_minutes.pdf","Council","http://www.cityofwarren.org/images/stories/city-council/Minutes/6.14.2016_CC_minutes.pdf","False",
"WarrenMICity","34f0d369-c4c8-474a-aa39-7d7210a25f4d","E:\elance\CityCouncilMeetingProject\CityCouncilMeetingProject\bin\Debug\WarrenMICity\05.24.2016_CC_Agenda.pdf","Council","http://www.cityofwarren.org/images/stories/city-council/agenda/05.24.2016_CC_Agenda.pdf","True",
"WarrenMICity","74e7520b-144a-4a57-b6a6-811cbd44c674","E:\elance\CityCouncilMeetingProject\CityCouncilMeetingProject\bin\Debug\WarrenMICity\5.24.2016_CC_minutes.pdf","Council","http://www.cityofwarren.org/images/stories/city-council/Minutes/5.24.2016_CC_minutes.pdf","False",
"WarrenMICity","d56c3fa0-6ac5-4823-908e-51c14c123175","E:\elance\CityCouncilMeetingProject\CityCouncilMeetingProject\bin\Debug\WarrenMICity\5.10.2016_CouncilAgenda.pdf","Council","http://www.cityofwarren.org/images/stories/city-council/agenda/5.10.2016_CouncilAgenda.pdf","True",
"WarrenMICity","b3601c28-53a8-4484-81b1-6a36516dad8e","E:\elance\CityCouncilMeetingProject\CityCouncilMeetingProject\bin\Debug\WarrenMICity\5.10.2016_CC_Minutes_Approved.pdf","Council","http://www.cityofwarren.org/images/stories/city-council/Minutes/5.10.2016_CC_Minutes_Approved.pdf","False",
"WarrenMICity","9c52f667-1d18-4c4c-bd45-2597922d60b8","E:\elance\CityCouncilMeetingProject\CityCouncilMeetingProject\bin\Debug\WarrenMICity\3_22_16_CouncilAgenda.pdf","Council","http://www.cityofwarren.org/images/stories/city-council/agenda/3_22_16_CouncilAgenda.pdf","True",
"WarrenMICity","139cb89b-ce1b-4d40-a157-453b804b62cb","E:\elance\CityCouncilMeetingProject\CityCouncilMeetingProject\bin\Debug\WarrenMICity\3.8.2016_CC_Agenda.pdf","Council","http://www.cityofwarren.org/images/stories/city-council/agenda/3.8.2016_CC_Agenda.pdf","True",
"WarrenMICity","fe552d4b-8f09-4910-b705-cb3a748e0666","E:\elance\CityCouncilMeetingProject\CityCouncilMeetingProject\bin\Debug\WarrenMICity\Special%20Agenda%203.1.16.pdf","Council","http://www.cityofwarren.org/images/stories/city-council/agenda/Special%20Agenda%203.1.16.pdf","False",
"WarrenMICity","1f150ae6-be49-4ddd-bfce-ec69051f9497","E:\elance\CityCouncilMeetingProject\CityCouncilMeetingProject\bin\Debug\WarrenMICity\3.1.2016_CC_SPECIAL_Meeting_minutes_APPROVED.pdf","Council","http://www.cityofwarren.org/images/stories/city-council/Minutes/3.1.2016_CC_SPECIAL_Meeting_minutes_APPROVED.pdf","False",
"WarrenMICity","86ad5b45-cd5e-4909-80e4-590527ac8a71","E:\elance\CityCouncilMeetingProject\CityCouncilMeetingProject\bin\Debug\WarrenMICity\2_23_2016_Council_Agenda.pdf","Council","http://www.cityofwarren.org/images/stories/city-council/agenda/2_23_2016_Council_Agenda.pdf","True",
"WarrenMICity","0dc2caa1-74c5-476f-9382-dc990dee9cac","E:\elance\CityCouncilMeetingProject\CityCouncilMeetingProject\bin\Debug\WarrenMICity\2.9.16_CC_Agenda.pdf","Council","http://www.cityofwarren.org/images/stories/city-council/agenda/2.9.16_CC_Agenda.pdf","True",
"WarrenMICity","1d66297d-14a8-41f3-9393-15951bef062a","E:\elance\CityCouncilMeetingProject\CityCouncilMeetingProject\bin\Debug\WarrenMICity\2.9.2016_CC_APPROVED_Minutes.pdf","Council","http://www.cityofwarren.org/images/stories/city-council/2.9.2016_CC_APPROVED_Minutes.pdf","False",
"WarrenMICity","36fb261e-268d-4cef-bd6e-9c4bbe501c03","E:\elance\CityCouncilMeetingProject\CityCouncilMeetingProject\bin\Debug\WarrenMICity\01.26.2016.CC_Agenda.pdf","Council","http://www.cityofwarren.org/images/stories/city-council/agenda/01.26.2016.CC_Agenda.pdf","True",
"WarrenMICity","62482161-f544-4959-a05a-d0eb5668db42","E:\elance\CityCouncilMeetingProject\CityCouncilMeetingProject\bin\Debug\WarrenMICity\1_12_16_Agenda_rv.pdf","Council","http://www.cityofwarren.org/images/stories/city-council/agenda/1_12_16_Agenda_rv.pdf","True",
"WarrenMICity","275fb908-0e6f-4f85-b3fd-1989e9b177d4","E:\elance\CityCouncilMeetingProject\CityCouncilMeetingProject\bin\Debug\WarrenMICity\3.22.2017_ZBA_Agenda.pdf","Zoning board","http://www.cityofwarren.org/images/stories/zoning-board-of-appeals/3.22.2017_ZBA_Agenda.pdf","False",
"WarrenMICity","71b6abd1-267e-4676-a05b-bc10630264ff","E:\elance\CityCouncilMeetingProject\CityCouncilMeetingProject\bin\Debug\WarrenMICity\03.08.2017%20ZBA_Agenda.pdf","Zoning board","http://www.cityofwarren.org/images/stories/zoning-board-of-appeals/03.08.2017%20ZBA_Agenda.pdf","False",
"WarrenMICity","a6ec451b-4a95-49d1-93ba-9e9ce4490646","E:\elance\CityCouncilMeetingProject\CityCouncilMeetingProject\bin\Debug\WarrenMICity\2.22.2017_ZBA.pdf","Zoning board","http://www.cityofwarren.org/images/stories/zoning-board-of-appeals/2.22.2017_ZBA.pdf","False",
"WarrenMICity","28d1c56c-bf4e-479a-b0cf-32e97e7b7f9b","E:\elance\CityCouncilMeetingProject\CityCouncilMeetingProject\bin\Debug\WarrenMICity\2.8.17_ZBA_Agenda.pdf","Zoning board","http://www.cityofwarren.org/images/stories/zoning-board-of-appeals/2.8.17_ZBA_Agenda.pdf","True",
"WarrenMICity","4ff70a20-4790-4086-9d31-0225be3d8a42","E:\elance\CityCouncilMeetingProject\CityCouncilMeetingProject\bin\Debug\WarrenMICity\01.11.2017_ZBA_Agenda.pdf","Zoning board","http://www.cityofwarren.org/images/stories/zoning-board-of-appeals/01.11.2017_ZBA_Agenda.pdf","False",
"WarrenMICity","a140d643-ce06-4d6a-bbc8-9fbad2e41d90","E:\elance\CityCouncilMeetingProject\CityCouncilMeetingProject\bin\Debug\WarrenMICity\01.11.17_ZBAMinutes-APPROVED.pdf","Zoning board","http://www.cityofwarren.org/images/stories/zoning-board-of-appeals/Minutes/01.11.17_ZBAMinutes-APPROVED.pdf","False",
"WarrenMICity","674a9f73-2872-4234-82d0-cc051032e429","E:\elance\CityCouncilMeetingProject\CityCouncilMeetingProject\bin\Debug\WarrenMICity\12.14.16_ZBA_Agenda.pdf","Zoning board","http://www.cityofwarren.org/images/stories/zoning-board-of-appeals/12.14.16_ZBA_Agenda.pdf","True",
"WarrenMICity","d9d3c2e5-1ab7-4c95-aa6e-16fb56f5f002","E:\elance\CityCouncilMeetingProject\CityCouncilMeetingProject\bin\Debug\WarrenMICity\12.14.16_ZBA_Minutes_Approved.pdf","Zoning board","http://www.cityofwarren.org/images/stories/zoning-board-of-appeals/Minutes/12.14.16_ZBA_Minutes_Approved.pdf","False",
"WarrenMICity","c8311e48-e763-4e57-99fa-3d9049d6120e","E:\elance\CityCouncilMeetingProject\CityCouncilMeetingProject\bin\Debug\WarrenMICity\11.16.16_ZBA_Agenda.pdf","Zoning board","http://www.cityofwarren.org/images/stories/zoning-board-of-appeals/11.16.16_ZBA_Agenda.pdf","False",
"WarrenMICity","beb31011-ca01-4c95-8010-2b7224a8f18f","E:\elance\CityCouncilMeetingProject\CityCouncilMeetingProject\bin\Debug\WarrenMICity\11.16.16_ZBA_Minutes_APPROVED.pdf","Zoning board","http://www.cityofwarren.org/images/stories/zoning-board-of-appeals/Minutes/11.16.16_ZBA_Minutes_APPROVED.pdf","True",
"WarrenMICity","72270b5d-ccf4-499c-b9bc-aef857321afe","E:\elance\CityCouncilMeetingProject\CityCouncilMeetingProject\bin\Debug\WarrenMICity\10.12.16_ZBA_Agenda.pdf","Zoning board","http://www.cityofwarren.org/images/stories/zoning-board-of-appeals/10.12.16_ZBA_Agenda.pdf","False",
"WarrenMICity","db77c158-cf74-4749-a2fd-39511101f26a","E:\elance\CityCouncilMeetingProject\CityCouncilMeetingProject\bin\Debug\WarrenMICity\10.12.2016_ZBA_Minutes_APPROVED.pdf","Zoning board","http://www.cityofwarren.org/images/stories/zoning-board-of-appeals/Minutes/10.12.2016_ZBA_Minutes_APPROVED.pdf","False",
"WarrenMICity","23ddc36d-1a99-41e9-9c0e-26ec9b23015f","E:\elance\CityCouncilMeetingProject\CityCouncilMeetingProject\bin\Debug\WarrenMICity\9.28.2016_ZBAAgenda.pdf","Zoning board","http://www.cityofwarren.org/images/stories/zoning-board-of-appeals/9.28.2016_ZBAAgenda.pdf","False",
"WarrenMICity","c37575a4-89e2-4e8d-8cf1-e5ba712964bc","E:\elance\CityCouncilMeetingProject\CityCouncilMeetingProject\bin\Debug\WarrenMICity\9.28.16_Minutes_APPROVED.pdf","Zoning board","http://www.cityofwarren.org/images/stories/zoning-board-of-appeals/Minutes/9.28.16_Minutes_APPROVED.pdf","True",
"WarrenMICity","5e326266-875b-4464-aea8-86f417e70003","E:\elance\CityCouncilMeetingProject\CityCouncilMeetingProject\bin\Debug\WarrenMICity\9.14.16_ZBA_Agenda.pdf","Zoning board","http://www.cityofwarren.org/images/stories/zoning-board-of-appeals/9.14.16_ZBA_Agenda.pdf","False",
"WarrenMICity","60640bf7-020a-45e9-bc55-e2132b2fb23d","E:\elance\CityCouncilMeetingProject\CityCouncilMeetingProject\bin\Debug\WarrenMICity\09.14.2016%20ZBA%20Minutes-APPROVED.pdf","Zoning board","http://www.cityofwarren.org/images/stories/zoning-board-of-appeals/Minutes/09.14.2016%20ZBA%20Minutes-APPROVED.pdf","False",
"WarrenMICity","5691e5a6-f2f5-42f6-bf8d-d77ad96c7159","E:\elance\CityCouncilMeetingProject\CityCouncilMeetingProject\bin\Debug\WarrenMICity\8.24.2016_Agenda.pdf","Zoning board","http://www.cityofwarren.org/images/stories/zoning-board-of-appeals/8.24.2016_Agenda.pdf","False",
"WarrenMICity","dd407768-ff80-4647-a0ab-62a21e2a88ae","E:\elance\CityCouncilMeetingProject\CityCouncilMeetingProject\bin\Debug\WarrenMICity\8.24.2016%20ZBA%20Minutes-Approved.pdf","Zoning board","http://www.cityofwarren.org/images/stories/zoning-board-of-appeals/8.24.2016%20ZBA%20Minutes-Approved.pdf","False",
"WarrenMICity","c2c6777b-b2c4-438d-8db6-076827c7dccf","E:\elance\CityCouncilMeetingProject\CityCouncilMeetingProject\bin\Debug\WarrenMICity\08.10.2016%20_ZBA_Agenda.pdf","Zoning board","http://www.cityofwarren.org/images/stories/zoning-board-of-appeals/08.10.2016%20_ZBA_Agenda.pdf","False",
"WarrenMICity","5725b128-8998-4dc1-bb75-239834d1978f","E:\elance\CityCouncilMeetingProject\CityCouncilMeetingProject\bin\Debug\WarrenMICity\08.10.2016%20ZBA%20Minutes-Approved.pdf","Zoning board","http://www.cityofwarren.org/images/stories/zoning-board-of-appeals/08.10.2016%20ZBA%20Minutes-Approved.pdf","False",
"WarrenMICity","40bf0a59-48ec-43e6-88fa-c6275f27f05f","E:\elance\CityCouncilMeetingProject\CityCouncilMeetingProject\bin\Debug\WarrenMICity\07.13.2016_ZBA_Agenda.pdf","Zoning board","http://www.cityofwarren.org/images/stories/zoning-board-of-appeals/07.13.2016_ZBA_Agenda.pdf","False",
"WarrenMICity","b4ce1b29-3566-43d4-9c78-f1eb40dac179","E:\elance\CityCouncilMeetingProject\CityCouncilMeetingProject\bin\Debug\WarrenMICity\6.22.16_ZBA_Agenda.pdf","Zoning board","http://www.cityofwarren.org/images/stories/zoning-board-of-appeals/6.22.16_ZBA_Agenda.pdf","False",
"WarrenMICity","c5527a56-ba94-443f-9981-a2c482a0c672","E:\elance\CityCouncilMeetingProject\CityCouncilMeetingProject\bin\Debug\WarrenMICity\6.8.2016_ZBA.pdf","Zoning board","http://www.cityofwarren.org/images/stories/zoning-board-of-appeals/6.8.2016_ZBA.pdf","False",
"WarrenMICity","f278b787-a570-49fd-abd3-1e9bf9800ad7","E:\elance\CityCouncilMeetingProject\CityCouncilMeetingProject\bin\Debug\WarrenMICity\06.08.2016_ZBA_Minutes-APPROVED.pdf","Zoning board","http://www.cityofwarren.org/images/stories/zoning-board-of-appeals/Minutes/06.08.2016_ZBA_Minutes-APPROVED.pdf","False",
"WarrenMICity","19b7d996-8e1b-4d1f-9b72-8e11dd7c1b35","E:\elance\CityCouncilMeetingProject\CityCouncilMeetingProject\bin\Debug\WarrenMICity\5.25.16_ZBAAgenda.pdf","Zoning board","http://www.cityofwarren.org/images/stories/zoning-board-of-appeals/5.25.16_ZBAAgenda.pdf","False",
"WarrenMICity","0d57b14b-c335-49ff-8597-87a48f9cee3c","E:\elance\CityCouncilMeetingProject\CityCouncilMeetingProject\bin\Debug\WarrenMICity\05.25.16_ZBA_Minutes-Approved_with_changes.pdf","Zoning board","http://www.cityofwarren.org/images/stories/zoning-board-of-appeals/Minutes/05.25.16_ZBA_Minutes-Approved_with_changes.pdf","False",
"WarrenMICity","d558a6d7-9b46-40b9-977f-4b546f8bf5c1","E:\elance\CityCouncilMeetingProject\CityCouncilMeetingProject\bin\Debug\WarrenMICity\4.13.2016_ZBA_Agenda.pdf","Zoning board","http://www.cityofwarren.org/images/stories/zoning-board-of-appeals/4.13.2016_ZBA_Agenda.pdf","False",
"WarrenMICity","e4b072af-eaa6-4006-a1b3-e866e977e808","E:\elance\CityCouncilMeetingProject\CityCouncilMeetingProject\bin\Debug\WarrenMICity\04.13.16_ZBA_Minutes-Approved.pdf","Zoning board","http://www.cityofwarren.org/images/stories/zoning-board-of-appeals/Minutes/04.13.16_ZBA_Minutes-Approved.pdf","False",
"WarrenMICity","944e04fe-3ea5-4902-a601-1b92387f41cb","E:\elance\CityCouncilMeetingProject\CityCouncilMeetingProject\bin\Debug\WarrenMICity\3.9.16_ZBA_Agenda.pdf","Zoning board","http://www.cityofwarren.org/images/stories/zoning-board-of-appeals/3.9.16_ZBA_Agenda.pdf","False",
"WarrenMICity","f66e1f4f-9a52-4010-9d0b-adbffebdc186","E:\elance\CityCouncilMeetingProject\CityCouncilMeetingProject\bin\Debug\WarrenMICity\2_24_2016_ZBA_Agenda.pdf","Zoning board","http://www.cityofwarren.org/images/stories/zoning-board-of-appeals/2_24_2016_ZBA_Agenda.pdf","False",
"WarrenMICity","355cee7c-840a-4468-9240-0894a0dced9a","E:\elance\CityCouncilMeetingProject\CityCouncilMeetingProject\bin\Debug\WarrenMICity\02.24.16_ZBA_Special_Meeting_Minutes_APPROVED.pdf","Zoning board","http://www.cityofwarren.org/images/stories/zoning-board-of-appeals/02.24.16_ZBA_Special_Meeting_Minutes_APPROVED.pdf","False",
"WarrenMICity","19d455a8-6702-4f4a-b4fa-fc92b4fc167c","E:\elance\CityCouncilMeetingProject\CityCouncilMeetingProject\bin\Debug\WarrenMICity\2-10-2016%20Agenda.pdf","Zoning board","http://www.cityofwarren.org/images/stories/zoning-board-of-appeals/2-10-2016%20Agenda.pdf","False",
"WarrenMICity","36873484-a892-4bdf-8f3a-5c61a0389979","E:\elance\CityCouncilMeetingProject\CityCouncilMeetingProject\bin\Debug\WarrenMICity\1.13.16%20Agenda.pdf","Zoning board","http://www.cityofwarren.org/images/stories/zoning-board-of-appeals/1.13.16%20Agenda.pdf","False",
"WarrenMICity","87c8b448-1cfa-4bb8-8d51-fc0cc4db65a3","E:\elance\CityCouncilMeetingProject\CityCouncilMeetingProject\bin\Debug\WarrenMICity\1.13.16_ZBA_MinutesApproved.pdf","Zoning board","http://www.cityofwarren.org/images/stories/zoning-board-of-appeals/Minutes/1.13.16_ZBA_MinutesApproved.pdf","False",
"WarrenMICity","ad688cbe-406b-403f-84d1-a4d498c1001c","E:\elance\CityCouncilMeetingProject\CityCouncilMeetingProject\bin\Debug\WarrenMICity\3.13.2017_PlanningAgenda.pdf","Planning Commission","http://www.cityofwarren.org/images/stories/boards-and-commissions/planning%20commission/3.13.2017_PlanningAgenda.pdf","False",
"WarrenMICity","46f8e68c-1c0d-4069-804d-b5853ce043a6","E:\elance\CityCouncilMeetingProject\CityCouncilMeetingProject\bin\Debug\WarrenMICity\2.27.17_PlanningAgenda.pdf","Planning Commission","http://www.cityofwarren.org/images/stories/boards-and-commissions/planning%20commission/2.27.17_PlanningAgenda.pdf","False",
"WarrenMICity","d33dd962-e99d-4d83-88f1-4e47ed380cc1","E:\elance\CityCouncilMeetingProject\CityCouncilMeetingProject\bin\Debug\WarrenMICity\2.27.17_Approved_Planning_Minutes.pdf","Planning Commission","http://www.cityofwarren.org/images/stories/planning/2.27.17_Approved_Planning_Minutes.pdf","False",
"WarrenMICity","9a0a4136-de46-4c32-a942-9587a708fd21","E:\elance\CityCouncilMeetingProject\CityCouncilMeetingProject\bin\Debug\WarrenMICity\2.6.2017_PlanningAgenda.pdf","Planning Commission","http://www.cityofwarren.org/images/stories/boards-and-commissions/planning%20commission/2.6.2017_PlanningAgenda.pdf","False",
"WarrenMICity","3dec9812-b2df-4012-922b-2e0a526fd025","E:\elance\CityCouncilMeetingProject\CityCouncilMeetingProject\bin\Debug\WarrenMICity\Approved%20Planning%20Minutes;%202-6-17.pdf","Planning Commission","http://www.cityofwarren.org/images/stories/planning/Approved%20Planning%20Minutes;%202-6-17.pdf","False",
"WarrenMICity","fdd8f533-0646-4ca4-80a2-2fd84b6ee107","E:\elance\CityCouncilMeetingProject\CityCouncilMeetingProject\bin\Debug\WarrenMICity\1.23.2017_PlanningAgenda.pdf","Planning Commission","http://www.cityofwarren.org/images/stories/boards-and-commissions/planning%20commission/1.23.2017_PlanningAgenda.pdf","False",
"WarrenMICity","f98e3bac-b317-494e-80af-c758e66aacc1","E:\elance\CityCouncilMeetingProject\CityCouncilMeetingProject\bin\Debug\WarrenMICity\Approved%20Planning%20Minutes;%201-23-17-1.pdf","Planning Commission","http://www.cityofwarren.org/images/stories/planning/Approved%20Planning%20Minutes;%201-23-17-1.pdf","False",
"WarrenMICity","b62603d4-b648-4d94-9e63-f789a99e51e1","E:\elance\CityCouncilMeetingProject\CityCouncilMeetingProject\bin\Debug\WarrenMICity\1_9_17_Planning_Agenda.pdf","Planning Commission","http://www.cityofwarren.org/images/stories/boards-and-commissions/planning%20commission/1_9_17_Planning_Agenda.pdf","False",
"WarrenMICity","fe9500e4-910e-43ae-b2a8-ef09b29fbd18","E:\elance\CityCouncilMeetingProject\CityCouncilMeetingProject\bin\Debug\WarrenMICity\Approved%20Planning%20Minutes;%201-9-17.pdf","Planning Commission","http://www.cityofwarren.org/images/stories/planning/Approved%20Planning%20Minutes;%201-9-17.pdf","False",
"WarrenMICity","a1fa0165-20ee-47e5-ad24-74769ff08c12","E:\elance\CityCouncilMeetingProject\CityCouncilMeetingProject\bin\Debug\WarrenMICity\12.12.16_PlanningAgenda_UPDATED.pdf","Planning Commission","http://www.cityofwarren.org/images/stories/boards-and-commissions/planning%20commission/12.12.16_PlanningAgenda_UPDATED.pdf","False",
"WarrenMICity","25b919a7-b8ca-4f45-8b7e-8f224cee87d4","E:\elance\CityCouncilMeetingProject\CityCouncilMeetingProject\bin\Debug\WarrenMICity\Approved%20Planning%20Minutes;%2012-12-16.pdf","Planning Commission","http://www.cityofwarren.org/images/stories/planning/Approved%20Planning%20Minutes;%2012-12-16.pdf","False",
"WarrenMICity","a3991f5e-374b-4e51-b5a3-7a81ebc2eec1","E:\elance\CityCouncilMeetingProject\CityCouncilMeetingProject\bin\Debug\WarrenMICity\11.28.16_PlanningAgenda.pdf","Planning Commission","http://www.cityofwarren.org/images/stories/boards-and-commissions/planning%20commission/11.28.16_PlanningAgenda.pdf","False",
"WarrenMICity","7b16d24c-4a27-4000-9f4a-33f343001d17","E:\elance\CityCouncilMeetingProject\CityCouncilMeetingProject\bin\Debug\WarrenMICity\Approved%20Planning%20Minutes;%2011-28-16.pdf","Planning Commission","http://www.cityofwarren.org/images/stories/planning/Approved%20Planning%20Minutes;%2011-28-16.pdf","False",
"WarrenMICity","bc67a507-92c0-43e5-b478-b507d9e45f9d","E:\elance\CityCouncilMeetingProject\CityCouncilMeetingProject\bin\Debug\WarrenMICity\11.7.16_Planning_Agenda.pdf","Planning Commission","http://www.cityofwarren.org/images/stories/boards-and-commissions/planning%20commission/11.7.16_Planning_Agenda.pdf","False",
"WarrenMICity","4a27d4bc-6f5a-4f20-9a20-8115b26c6580","E:\elance\CityCouncilMeetingProject\CityCouncilMeetingProject\bin\Debug\WarrenMICity\11.7.16_Approved_Planning_Minutes.pdf","Planning Commission","http://www.cityofwarren.org/images/stories/boards-and-commissions/planning%20commission/minutes/11.7.16_Approved_Planning_Minutes.pdf","False",
"WarrenMICity","395d3345-2956-4455-b71a-176699f0d2fd","E:\elance\CityCouncilMeetingProject\CityCouncilMeetingProject\bin\Debug\WarrenMICity\10.24.2016_PlanningAgenda.pdf","Planning Commission","http://www.cityofwarren.org/images/stories/boards-and-commissions/planning%20commission/10.24.2016_PlanningAgenda.pdf","False",
"WarrenMICity","d3fd9862-41d8-4eed-ba8e-716b48738bfd","E:\elance\CityCouncilMeetingProject\CityCouncilMeetingProject\bin\Debug\WarrenMICity\10.24.16_Approved_Planning_Minutes.pdf","Planning Commission","http://www.cityofwarren.org/images/stories/boards-and-commissions/planning%20commission/minutes/10.24.16_Approved_Planning_Minutes.pdf","False",
"WarrenMICity","2b1d76af-a5bd-45ea-bb4d-fd3892e0ac1f","E:\elance\CityCouncilMeetingProject\CityCouncilMeetingProject\bin\Debug\WarrenMICity\10.10.16_Planning_Agenda.pdf","Planning Commission","http://www.cityofwarren.org/images/stories/boards-and-commissions/planning%20commission/10.10.16_Planning_Agenda.pdf","False",
"WarrenMICity","52b16d50-8214-4833-98ad-569f89661417","E:\elance\CityCouncilMeetingProject\CityCouncilMeetingProject\bin\Debug\WarrenMICity\10.10.16_Approved_Planning_Minutes.pdf","Planning Commission","http://www.cityofwarren.org/images/stories/boards-and-commissions/planning%20commission/minutes/10.10.16_Approved_Planning_Minutes.pdf","False",
"WarrenMICity","1b202a98-ce4f-4f1a-9d83-27e4cf6cdba8","E:\elance\CityCouncilMeetingProject\CityCouncilMeetingProject\bin\Debug\WarrenMICity\9.26.2016_PlanningAgenda.pdf","Planning Commission","http://www.cityofwarren.org/images/stories/boards-and-commissions/planning%20commission/9.26.2016_PlanningAgenda.pdf","False",
"WarrenMICity","6629920c-8173-4a1f-ac36-0760a1fa41dc","E:\elance\CityCouncilMeetingProject\CityCouncilMeetingProject\bin\Debug\WarrenMICity\Approved%20Planning%20Minutes;%20%209-26-16.pdf","Planning Commission","http://www.cityofwarren.org/images/stories/planning/Approved%20Planning%20Minutes;%20%209-26-16.pdf","False",
"WarrenMICity","28ba693f-d2b4-4968-a0f0-158a2843d4d5","E:\elance\CityCouncilMeetingProject\CityCouncilMeetingProject\bin\Debug\WarrenMICity\9.12.2016_PlanningAgenda.pdf","Planning Commission","http://www.cityofwarren.org/images/stories/boards-and-commissions/planning%20commission/9.12.2016_PlanningAgenda.pdf","False",
"WarrenMICity","741c320d-d195-4a12-b5d9-41c82de90ea1","E:\elance\CityCouncilMeetingProject\CityCouncilMeetingProject\bin\Debug\WarrenMICity\9.12.2016_Approved_Planning_Minutes%20.pdf","Planning Commission","http://www.cityofwarren.org/images/stories/boards-and-commissions/planning%20commission/minutes/9.12.2016_Approved_Planning_Minutes%20.pdf","False",
"WarrenMICity","f6afc8ff-e1fb-43ab-bb66-6e51bb6dd685","E:\elance\CityCouncilMeetingProject\CityCouncilMeetingProject\bin\Debug\WarrenMICity\8.22.2016_Planning_Agenda.pdf","Planning Commission","http://www.cityofwarren.org/images/stories/boards-and-commissions/planning%20commission/8.22.2016_Planning_Agenda.pdf","False",
"WarrenMICity","9c069d59-f578-413c-b79b-6ad5a1f80350","E:\elance\CityCouncilMeetingProject\CityCouncilMeetingProject\bin\Debug\WarrenMICity\8.22.16_Approved_Planning_Minutes.pdf","Planning Commission","http://www.cityofwarren.org/images/stories/boards-and-commissions/planning%20commission/minutes/8.22.16_Approved_Planning_Minutes.pdf","False",
"WarrenMICity","857618a2-cc5c-4d1e-a613-fb10bf148891","E:\elance\CityCouncilMeetingProject\CityCouncilMeetingProject\bin\Debug\WarrenMICity\8.8.2016_Planning_Agenda.pdf","Planning Commission","http://www.cityofwarren.org/images/stories/boards-and-commissions/planning%20commission/8.8.2016_Planning_Agenda.pdf","False",
"WarrenMICity","e3daf264-480a-419e-b26c-c54f4c97d45a","E:\elance\CityCouncilMeetingProject\CityCouncilMeetingProject\bin\Debug\WarrenMICity\8.8.16_Approved_Planning_Minutes.pdf","Planning Commission","http://www.cityofwarren.org/images/stories/boards-and-commissions/planning%20commission/minutes/8.8.16_Approved_Planning_Minutes.pdf","False",
"WarrenMICity","607f42a4-a590-4436-b020-3a936e077166","E:\elance\CityCouncilMeetingProject\CityCouncilMeetingProject\bin\Debug\WarrenMICity\7.25.2016_PlanningAgenda.pdf","Planning Commission","http://www.cityofwarren.org/images/stories/boards-and-commissions/planning%20commission/7.25.2016_PlanningAgenda.pdf","False",
"WarrenMICity","d794caa9-e32d-4974-afde-9bfb235e1a8a","E:\elance\CityCouncilMeetingProject\CityCouncilMeetingProject\bin\Debug\WarrenMICity\7.25.2016_Approved_Planning_Minutes.pdf","Planning Commission","http://www.cityofwarren.org/images/stories/boards-and-commissions/planning%20commission/minutes/7.25.2016_Approved_Planning_Minutes.pdf","False",
"WarrenMICity","16836322-fc7f-4115-9470-8030cd8e4403","E:\elance\CityCouncilMeetingProject\CityCouncilMeetingProject\bin\Debug\WarrenMICity\7.11.2016_Planning_Agenda.pdf","Planning Commission","http://www.cityofwarren.org/images/stories/boards-and-commissions/planning%20commission/7.11.2016_Planning_Agenda.pdf","False",
"WarrenMICity","23ab9d46-f5ca-4a5a-8d2e-269439665563","E:\elance\CityCouncilMeetingProject\CityCouncilMeetingProject\bin\Debug\WarrenMICity\7.11.2016_Approved_Planning_Minutes.pdf","Planning Commission","http://www.cityofwarren.org/images/stories/boards-and-commissions/planning%20commission/minutes/7.11.2016_Approved_Planning_Minutes.pdf","False",
"WarrenMICity","f50d56af-ff0e-4537-8d5d-4b9372c913a9","E:\elance\CityCouncilMeetingProject\CityCouncilMeetingProject\bin\Debug\WarrenMICity\6.20.2016_PlanningAgenda.pdf","Planning Commission","http://www.cityofwarren.org/images/stories/boards-and-commissions/planning%20commission/6.20.2016_PlanningAgenda.pdf","False",
"WarrenMICity","e8b67e3c-6a6f-4659-977e-23550fb5aa18","E:\elance\CityCouncilMeetingProject\CityCouncilMeetingProject\bin\Debug\WarrenMICity\6.20.2016_Approved_Planning_Minutes.pdf","Planning Commission","http://www.cityofwarren.org/images/stories/boards-and-commissions/planning%20commission/minutes/6.20.2016_Approved_Planning_Minutes.pdf","False",
"WarrenMICity","bb17cc60-65b5-4dd8-89b0-3758c25ec611","E:\elance\CityCouncilMeetingProject\CityCouncilMeetingProject\bin\Debug\WarrenMICity\6.6.2016_PC_Meeting_Agenda.pdf","Planning Commission","http://www.cityofwarren.org/images/stories/boards-and-commissions/planning%20commission/6.6.2016_PC_Meeting_Agenda.pdf","False",
"WarrenMICity","df2635b2-f66b-410b-9186-70ffe54e352b","E:\elance\CityCouncilMeetingProject\CityCouncilMeetingProject\bin\Debug\WarrenMICity\6.6.2016_ApprovedPlanningMinutes.pdf","Planning Commission","http://www.cityofwarren.org/images/stories/boards-and-commissions/planning%20commission/minutes/6.6.2016_ApprovedPlanningMinutes.pdf","False",
"WarrenMICity","f6688e44-9d30-4015-b243-57c1c7a2d191","E:\elance\CityCouncilMeetingProject\CityCouncilMeetingProject\bin\Debug\WarrenMICity\5.16.2016_Planning.pdf","Planning Commission","http://www.cityofwarren.org/images/stories/boards-and-commissions/planning%20commission/5.16.2016_Planning.pdf","False",
"WarrenMICity","f9490f71-96da-43ae-8604-ab77813b0e9d","E:\elance\CityCouncilMeetingProject\CityCouncilMeetingProject\bin\Debug\WarrenMICity\5.16.16_Approved_Planning_Minutes.pdf","Planning Commission","http://www.cityofwarren.org/images/stories/boards-and-commissions/planning%20commission/minutes/5.16.16_Approved_Planning_Minutes.pdf","False",
"WarrenMICity","5afd0c86-ecd8-4314-8734-acf101c34925","E:\elance\CityCouncilMeetingProject\CityCouncilMeetingProject\bin\Debug\WarrenMICity\5-2-2016_Planning_Commission_Agenda.pdf","Planning Commission","http://www.cityofwarren.org/images/stories/boards-and-commissions/planning%20commission/5-2-2016_Planning_Commission_Agenda.pdf","False",
"WarrenMICity","0ebb1bcd-c0ef-486b-85a9-4551f8920f69","E:\elance\CityCouncilMeetingProject\CityCouncilMeetingProject\bin\Debug\WarrenMICity\5.2.2016_Approved_Planning_Minutes.pdf","Planning Commission","http://www.cityofwarren.org/images/stories/boards-and-commissions/planning%20commission/minutes/5.2.2016_Approved_Planning_Minutes.pdf","False",
"WarrenMICity","1db3b0ef-69b5-4edc-8338-9bb23b4edc96","E:\elance\CityCouncilMeetingProject\CityCouncilMeetingProject\bin\Debug\WarrenMICity\4.18.2016_PlanningAgenda.pdf","Planning Commission","http://www.cityofwarren.org/images/stories/boards-and-commissions/planning%20commission/4.18.2016_PlanningAgenda.pdf","False",
"WarrenMICity","c0fe59ef-729b-40cb-b1f2-cfa88e4ee23f","E:\elance\CityCouncilMeetingProject\CityCouncilMeetingProject\bin\Debug\WarrenMICity\4.18.2016_Approved_Planning_Minutes.pdf","Planning Commission","http://www.cityofwarren.org/images/stories/boards-and-commissions/planning%20commission/minutes/4.18.2016_Approved_Planning_Minutes.pdf","False",
"WarrenMICity","ffa5b20d-f9c3-4ad7-a14c-a09c5e885bfd","E:\elance\CityCouncilMeetingProject\CityCouncilMeetingProject\bin\Debug\WarrenMICity\4-4-2016_Planning_Agenda.pdf","Planning Commission","http://www.cityofwarren.org/images/stories/boards-and-commissions/planning%20commission/4-4-2016_Planning_Agenda.pdf","False",
"WarrenMICity","be22d88f-5a3d-464e-b451-9919e91cda7f","E:\elance\CityCouncilMeetingProject\CityCouncilMeetingProject\bin\Debug\WarrenMICity\4.4.16_Approved_Planning_Minutes.pdf","Planning Commission","http://www.cityofwarren.org/images/stories/boards-and-commissions/planning%20commission/minutes/4.4.16_Approved_Planning_Minutes.pdf","False",
"WarrenMICity","f62305bf-ede2-4fa0-9e56-7a947568921a","E:\elance\CityCouncilMeetingProject\CityCouncilMeetingProject\bin\Debug\WarrenMICity\3.21.2016_Planning_Agenda.pdf","Planning Commission","http://www.cityofwarren.org/images/stories/boards-and-commissions/planning%20commission/3.21.2016_Planning_Agenda.pdf","False",
"WarrenMICity","4869d897-41d2-47e6-838a-b02d25b924cb","E:\elance\CityCouncilMeetingProject\CityCouncilMeetingProject\bin\Debug\WarrenMICity\3_21_16_PlanningApprovedMinutes.pdf","Planning Commission","http://www.cityofwarren.org/images/stories/boards-and-commissions/planning%20commission/minutes/3_21_16_PlanningApprovedMinutes.pdf","False",
"WarrenMICity","bf60c91f-98e9-4776-b8f0-36d6ba55824a","E:\elance\CityCouncilMeetingProject\CityCouncilMeetingProject\bin\Debug\WarrenMICity\3_7_2016_PlanningAgenda.pdf","Planning Commission","http://www.cityofwarren.org/images/stories/boards-and-commissions/planning%20commission/3_7_2016_PlanningAgenda.pdf","False",
"WarrenMICity","60e528b8-39c9-42c5-986f-b8a5ecf4d889","E:\elance\CityCouncilMeetingProject\CityCouncilMeetingProject\bin\Debug\WarrenMICity\3.7.2016_Approved_Planning_Minutes.pdf","Planning Commission","http://www.cityofwarren.org/images/stories/boards-and-commissions/planning%20commission/minutes/3.7.2016_Approved_Planning_Minutes.pdf","False",
"WarrenMICity","8dc940f6-44d9-4aac-83bc-dfda229034b0","E:\elance\CityCouncilMeetingProject\CityCouncilMeetingProject\bin\Debug\WarrenMICity\2_22_16_Planning_Agenda.pdf","Planning Commission","http://www.cityofwarren.org/images/stories/boards-and-commissions/planning%20commission/2_22_16_Planning_Agenda.pdf","False",
"WarrenMICity","23d539f2-6d97-4ef1-a7c5-6c74250bc587","E:\elance\CityCouncilMeetingProject\CityCouncilMeetingProject\bin\Debug\WarrenMICity\2.22.2016_Planning_Minutes_Approved.pdf","Planning Commission","http://www.cityofwarren.org/images/stories/boards-and-commissions/planning%20commission/minutes/2.22.2016_Planning_Minutes_Approved.pdf","False",
"WarrenMICity","8f857dce-2808-466e-95ad-434004788cd8","E:\elance\CityCouncilMeetingProject\CityCouncilMeetingProject\bin\Debug\WarrenMICity\2_8_2016_Planning_Agenda.pdf","Planning Commission","http://www.cityofwarren.org/images/stories/boards-and-commissions/planning%20commission/2_8_2016_Planning_Agenda.pdf","False",
"WarrenMICity","c11afd65-1010-4308-842c-7f6835bcf672","E:\elance\CityCouncilMeetingProject\CityCouncilMeetingProject\bin\Debug\WarrenMICity\2.8.16_Approved_Planning_Minutes.pdf","Planning Commission","http://www.cityofwarren.org/images/stories/boards-and-commissions/planning%20commission/minutes/2.8.16_Approved_Planning_Minutes.pdf","False",
"WarrenMICity","0176505b-b50d-4b0f-b9f2-50830e5f1e52","E:\elance\CityCouncilMeetingProject\CityCouncilMeetingProject\bin\Debug\WarrenMICity\January_25_2016_PlanningCommission.pdf","Planning Commission","http://www.cityofwarren.org/images/stories/planning/January_25_2016_PlanningCommission.pdf","False",
"WarrenMICity","cc6c3fd1-fa4c-4eb8-99a7-63b034107fba","E:\elance\CityCouncilMeetingProject\CityCouncilMeetingProject\bin\Debug\WarrenMICity\1.25.16_Approved_Planning_Minutes.pdf","Planning Commission","http://www.cityofwarren.org/images/stories/boards-and-commissions/planning%20commission/minutes/1.25.16_Approved_Planning_Minutes.pdf","False",
"WarrenMICity","6a3971b5-242f-4924-a8b7-8fb6efc261fd","E:\elance\CityCouncilMeetingProject\CityCouncilMeetingProject\bin\Debug\WarrenMICity\1.11.16_Planning_Commission_Agenda.pdf","Planning Commission","http://www.cityofwarren.org/images/stories/boards-and-commissions/planning%20commission/1.11.16_Planning_Commission_Agenda.pdf","False",
"WarrenMICity","7bab2161-598f-4eb1-868d-e4f22d4c36d8","E:\elance\CityCouncilMeetingProject\CityCouncilMeetingProject\bin\Debug\WarrenMICity\1.11.16_Approved_Planning_Minutes.pdf","Planning Commission","http://www.cityofwarren.org/images/stories/boards-and-commissions/planning%20commission/minutes/1.11.16_Approved_Planning_Minutes.pdf","False",
